{
	"info": {
		"_postman_id": "7153b875-b821-4c98-8725-e58975b5da93",
		"name": "EthernetContainerValidator",
		"schema": "https://schema.getpostman.com/json/collection/v2.1.0/collection.json"
	},
	"item": [
		{
			"name": "EnvironmentSetUp",
			"item": [
				{
					"name": "Setting Up Environment",
					"event": [
						{
							"listen": "prerequest",
							"script": {
								"id": "6a1e746e-a742-4b4d-ba2f-962986fd39c4",
								"exec": [
									"console.log(\"==========================================================================================\");",
									"console.log(\"================= EthernetContainer_2.0.0-tsp.191123.1240+validator.1 ====================\");",
									"console.log(\"==========================================================================================\");",
									"",
									"/*********************************************************************************************************",
									"* ",
									"* RequestCollection for validating EthernetContainer Objects against definition ",
									"* ",
									"*                   EthernetContainer_2.0.0-tsp.191123.1240",
									"* ",
									"* as it can be found on https://github.com/openBackhaul/ethernetContainer/tree/tsp",
									"*",
									"*  ",
									"* This RequestCollection is for perpetual complementation.",
									"* ",
									"* Content of version 1 (05.01.2020):",
									"*  - Check for Completeness",
									"* ",
									"* ",
									"* The \"Setting Up Environment\" Request provides the following environmental variables",
									"* - controller",
									"* - controllerAddress",
									"* - pathToDbAndMountPoint",
									"* - username",
									"* - password",
									"* ",
									"* It also provides the following collection variables",
									"* - noOfDeviceUnderTest",
									"* - noOfLtpUnderTest",
									"* - pacUnderTest",
									"* - moduleUnderTest",
									"* - technologyUnderTest ",
									"* ",
									"*********************************************************************************************************/",
									"",
									"/********************************************",
									"* User Input",
									"********************************************/",
									"const IP_ADDRESS_OF_THE_CONTROLLER = \"172.29.145.220\";",
									"",
									"const RESTCONF_PORT_AT_THE_CONTROLLER = \"8181\";",
									"",
									"const USER_NAME_AT_THE_CONTROLLER = \"admin\";",
									"",
									"const PASSWORD_AT_THE_CONTROLLER = \"admin\";",
									"",
									"const PATH_TO_DB_AND_MOUNT_POINT = \"restconf/operational/network-topology:network-topology/topology/topology-netconf\";",
									"",
									"const NAME_OF_DEVICE_UNDER_TEST = \"NTS-Thorsten\";",
									"",
									"const UUID_OF_LTP_UNDER_TEST = \"62170d8a-8ef6-4bbf-b4b2-c405197b5d39\";",
									"",
									"const LID_OF_LP_UNDER_TEST = \"PPtmEttmtBEtPmqtPBqE\";",
									"",
									"",
									"/********************************************",
									"* Setting up Collection Variables",
									"********************************************/",
									"// Setting collection variables for identifying the Interface under Test",
									"const NO_OF_DEVICE_UNDER_TEST = 0;",
									"const NO_OF_LTP_UNDER_TEST = 0;",
									"const PAC_UNDER_TEST = \"ethernet-container-2-0:ethernet-container-pac\";",
									"const MODULE_UNDER_TEST = \"ethernet-container-2-0\";",
									"const TECHNOLOGY_UNDER_TEST = \"ethernet-container\";",
									"",
									"pm.collectionVariables.set(\"noOfDeviceUnderTest\", NO_OF_DEVICE_UNDER_TEST);",
									"pm.collectionVariables.set(\"noOfLtpUnderTest\", NO_OF_LTP_UNDER_TEST);",
									"pm.collectionVariables.set(\"pacUnderTest\", PAC_UNDER_TEST);",
									"pm.collectionVariables.set(\"moduleUnderTest\", MODULE_UNDER_TEST);",
									"pm.collectionVariables.set(\"technologyUnderTest\", TECHNOLOGY_UNDER_TEST);",
									"",
									"",
									"/********************************************",
									"* Setting up Environmental Variables ",
									"********************************************/",
									"pm.environment.clear();",
									"",
									"controllerAddress = IP_ADDRESS_OF_THE_CONTROLLER + \":\" + RESTCONF_PORT_AT_THE_CONTROLLER + \"/\";",
									"pm.environment.set(\"controllerAddress\", controllerAddress);",
									"pm.environment.set(\"username\", USER_NAME_AT_THE_CONTROLLER);",
									"pm.environment.set(\"password\", PASSWORD_AT_THE_CONTROLLER);",
									"pm.environment.set(\"pathToDbAndMountPoint\", PATH_TO_DB_AND_MOUNT_POINT);",
									"",
									"class Interface {",
									"    constructor(newLtpUuid, newlpLid) {",
									"        this.ltpUuid = newLtpUuid;",
									"        this.lpLid = newlpLid;",
									"    }",
									"}",
									"let interfaceUnderTest = new Interface(UUID_OF_LTP_UNDER_TEST, LID_OF_LP_UNDER_TEST);",
									"",
									"class Node {",
									"    constructor(newNodeId) {",
									"        this.nodeId = newNodeId;",
									"        this.airInterfaceList = [];",
									"        this.ethernetContainerList = [];",
									"        this.hybridMwStructureList = [];",
									"        this.ipInterfaceList = [];",
									"        this.macInterfaceList = [];",
									"        this.pureEthernetStructureList = [];",
									"        this.tdmContainerList = [];",
									"        this.vlanInterfaceList = [];",
									"        this.wireInterfaceList = [];",
									"    }",
									"}",
									"let nodeUnderTest = new Node(NAME_OF_DEVICE_UNDER_TEST);",
									"switch (TECHNOLOGY_UNDER_TEST) {",
									"    case \"air-interface\":",
									"        nodeUnderTest.airInterfaceList.push(interfaceUnderTest);",
									"        break;",
									"    case \"ethernet-container\":",
									"        nodeUnderTest.ethernetContainerList.push(interfaceUnderTest);",
									"        break;",
									"    case \"hybrid-mw-structure\":",
									"        nodeUnderTest.hybridMwStructureList.push(interfaceUnderTest);",
									"        break;",
									"    case \"ip-interface\":",
									"        nodeUnderTest.ipInterfaceList.push(interfaceUnderTest);",
									"        break;",
									"    case \"mac-interface\":",
									"        nodeUnderTest.macInterfaceList.push(interfaceUnderTest);",
									"        break;",
									"    case \"pure-ethernet-structure\":",
									"        nodeUnderTest.pureEthernetStructureList.push(interfaceUnderTest);",
									"        break;",
									"    case \"tdm-container\":",
									"        nodeUnderTest.tdmContainerList.push(interfaceUnderTest);",
									"        break;",
									"    case \"vlan-interface\":",
									"        nodeUnderTest.vlanInterfaceList.push(interfaceUnderTest);",
									"        break;",
									"    case \"wire-interface\":",
									"        nodeUnderTest.wireInterfaceList.push(interfaceUnderTest);",
									"        break;",
									"}",
									"",
									"class Controller {",
									"    constructor () {",
									"        this.nodeList = [];",
									"    }",
									"}",
									"let controller = new Controller();",
									"controller.nodeList.push(nodeUnderTest);",
									"",
									"pm.environment.set(\"controller\", controller);",
									"",
									"",
									"/********************************************",
									"* Setting up Local Variables",
									"********************************************/",
									"pm.variables.set(\"classUnderTest\", \"pac\");",
									"",
									"",
									"/********************************************",
									"* Setting up Request Variables",
									"********************************************/",
									"// Preparing the Request",
									"let noOfDeviceUnderTest = pm.collectionVariables.get(\"noOfDeviceUnderTest\");",
									"let controllerUnderTest = pm.environment.get(\"controllerAddress\");",
									"let dbAndMountPointUnderTest = pm.environment.get(\"pathToDbAndMountPoint\");",
									"let idOfDeviceUnderTest = pm.environment.get(\"controller\").nodeList[noOfDeviceUnderTest].nodeId;",
									"let networkElementUnderTest = \"/node/\" + idOfDeviceUnderTest + \"/yang-ext:mount\";",
									"let technologyUnderTest = pm.collectionVariables.get(\"technologyUnderTest\");",
									"let noOfLtpUnderTest = pm.collectionVariables.get(\"noOfLtpUnderTest\");",
									"let nodeIds = pm.environment.get(\"controller\").nodeList[noOfDeviceUnderTest];",
									"let idPair;",
									"switch (technologyUnderTest) {",
									"    case \"air-interface\":",
									"        idPair = nodeIds.airInterfaceList[noOfLtpUnderTest];",
									"        break;",
									"    case \"ethernet-container\":",
									"        idPair = nodeIds.ethernetContainerList[noOfLtpUnderTest];",
									"        break;",
									"    case \"hybrid-mw-structure\":",
									"        idPair = nodeIds.hybridMwStructureList[noOfLtpUnderTest];",
									"        break;",
									"    case \"ip-interface\":",
									"        idPair = nodeIds.ipInterfaceList[noOfLtpUnderTest];",
									"        break;",
									"    case \"mac-interface\":",
									"        idPair = nodeIds.macInterfaceList[noOfLtpUnderTest];",
									"        break;",
									"    case \"pure-ethernet-structure\":",
									"        idPair = nodeIds.pureEthernetStructureList[noOfLtpUnderTest];",
									"        break;",
									"    case \"tdm-container\":",
									"        idPair = nodeIds.tdmContainerList[noOfLtpUnderTest];",
									"        break;",
									"    case \"vlan-interface\":",
									"        idPair = nodeIds.vlanInterfaceList[noOfLtpUnderTest];",
									"        break;",
									"    case \"wire-interface\":",
									"        idPair = nodeIds.wireInterfaceList[noOfLtpUnderTest];",
									"        break;",
									"}",
									"let ltpUuidOfObjectUnderTest = idPair.ltpUuid;",
									"let lpLidOfObjectUnderTest = idPair.lpLid;",
									"let pacUnderTest = pm.collectionVariables.get(\"pacUnderTest\");",
									"let objectUnderTest = \"/core-model-1-4:control-construct/logical-termination-point/\" ",
									"                            + ltpUuidOfObjectUnderTest",
									"                            + \"/layer-protocol/\" ",
									"                            + lpLidOfObjectUnderTest",
									"                            + \"/\"",
									"                            + pacUnderTest;",
									"",
									"// Formulating the Request",
									"pm.variables.set(\"controllerUnderTest\", controllerUnderTest);",
									"pm.variables.set(\"dB\", dbAndMountPointUnderTest);",
									"pm.variables.set(\"networkElement\", networkElementUnderTest);",
									"pm.variables.set(\"object\", objectUnderTest);",
									"",
									"pm.variables.set(\"username\", pm.environment.get(\"username\"));",
									"pm.variables.set(\"password\", pm.environment.get(\"password\"));",
									"",
									"pm.request.headers.upsert({key:\"Accept\", value:\"application/json\"});",
									"pm.request.headers.upsert({key:\"Content-Type\", value:\"application/json\"});",
									""
								],
								"type": "text/javascript"
							}
						},
						{
							"listen": "test",
							"script": {
								"id": "ec562c48-5724-43dd-9827-6b93725cf290",
								"exec": [
									"/*********************",
									" * Indicating Results *",
									" *********************/",
									"let controller = pm.environment.get(\"controller\");",
									"let nameOfTheDeviceUnderTest = controller.nodeList[0].nodeId;",
									"let moduleUnderTest = pm.collectionVariables.get(\"moduleUnderTest\");",
									"let technologyUnderTest = pm.collectionVariables.get(\"technologyUnderTest\");",
									"let classUnderTest = pm.variables.get(\"classUnderTest\");",
									"let objectUnderTest = technologyUnderTest + \"-\" + classUnderTest;",
									"",
									"if (pm.response.code == 200) {",
									"    var objectInclHeadline = pm.response.json();",
									"    var object = objectInclHeadline[moduleUnderTest + \":\" + technologyUnderTest + \"-\" + classUnderTest];",
									"    console.log(objectUnderTest + \" at \" + nameOfTheDeviceUnderTest + \" could be retrieved:\");",
									"    console.log(object);",
									"",
									"} else {",
									"    console.log(\" ERROR: \" + objectUnderTest + \" at \" + nameOfTheDeviceUnderTest ",
									"                    + \" could not be retrieved. Response Code: \" + pm.response.code);",
									"}",
									"",
									"pm.test(objectUnderTest + \" at \" + nameOfTheDeviceUnderTest + \" could be retrieved\", function() {",
									"    pm.response.to.have.status(200);",
									"});",
									"",
									"",
									"/******************************",
									" * Cleaning Up and Terminating *",
									" ******************************/",
									"pm.variables.clear();"
								],
								"type": "text/javascript"
							}
						}
					],
					"request": {
						"auth": {
							"type": "basic",
							"basic": [
								{
									"key": "password",
									"value": "{{password}}",
									"type": "string"
								},
								{
									"key": "username",
									"value": "{{username}}",
									"type": "string"
								}
							]
						},
						"method": "GET",
						"header": [],
						"url": {
							"raw": "http://{{controllerAddress}}{{dB}}{{networkElement}}{{object}}",
							"protocol": "http",
							"host": [
								"{{controllerAddress}}{{dB}}{{networkElement}}{{object}}"
							]
						}
					},
					"response": []
				}
			],
			"protocolProfileBehavior": {}
		},
		{
			"name": "Completeness",
			"item": [
				{
					"name": "CapabilityCompleteness",
					"event": [
						{
							"listen": "prerequest",
							"script": {
								"id": "6a1e746e-a742-4b4d-ba2f-962986fd39c4",
								"exec": [
									"/*******************************************************************************",
									"* ",
									"* Request for validating EthernetContainer Capability Objects against definition ",
									"* ",
									"*                   EthernetContainer_2.0.0-tsp.191123.1240",
									"* ",
									"* as it can be found on https://github.com/openBackhaul/ethernetContainer/tree/tsp",
									"* ",
									"* It checks for ",
									"*  - reachability of *_Pac class and Capability class",
									"*  - availability of all attributes",
									"*  - correct datatypes",
									"*  - correct enumeration values",
									"*  - no additional, vendor specific amendments",
									"* ",
									"* It requires the following environmental variables",
									"*  - controller",
									"*  - controllerAddress",
									"*  - pathToDbAndMountPoint",
									"*  - username",
									"*  - password",
									"* ",
									"* It requires the following collection variables",
									"*  - pacUnderTest",
									"*  - moduleUnderTest",
									"*  - technologyUnderTest",
									"* ",
									"*******************************************************************************/",
									"",
									"console.log(\"-----------------Checking EthernetContainerCapability for Completeness--------------------\");",
									"",
									"/********************************************",
									"* Setting up Local Variables",
									"********************************************/",
									"// Defining the Class Under Test",
									"const CLASS_UNDER_TEST = \"capability\";",
									"pm.variables.set(\"classUnderTest\", CLASS_UNDER_TEST);",
									"",
									"// EthernetContainerCapability Reference Schema",
									"let ETHERNET_CONTAINER_CAPABILITY_SCHEMA = {\t",
									"\t\"type\": \"object\", ",
									"\t\"properties\": {",
									"\t\t\"available-queue-list\": {",
									"\t\t\t\"type\": \"array\",",
									"            \"items\": {",
									"            \t\"type\": \"object\",",
									"            \t\"properties\": {",
									"\t\t\t\t\t\"queue-name\": { \"enum\": [",
									"                                        \"ethernet-container-2-0:QUEUE_NAME_TYPE_BEST_EFFORT_QUEUE\",",
									"        \t\t\t\t\t\t\t\t\"ethernet-container-2-0:QUEUE_NAME_TYPE_ASSURED_FORWARDING_QUEUE1\",",
									"        \t\t\t\t\t\t\t\t\"ethernet-container-2-0:QUEUE_NAME_TYPE_ASSURED_FORWARDING_QUEUE2\",",
									"        \t\t\t\t\t\t\t\t\"ethernet-container-2-0:QUEUE_NAME_TYPE_ASSURED_FORWARDING_QUEUE3\",",
									"        \t\t\t\t\t\t\t\t\"ethernet-container-2-0:QUEUE_NAME_TYPE_ASSURED_FORWARDING_QUEUE4\",",
									"        \t\t\t\t\t\t\t\t\"ethernet-container-2-0:QUEUE_NAME_TYPE_EXPEDITED_FORWARDING_QUEUE\",",
									"        \t\t\t\t\t\t\t\t\"ethernet-container-2-0:QUEUE_NAME_TYPE_CLASS_SELECTOR_QUEUE6\",",
									"        \t\t\t\t\t\t\t\t\"ethernet-container-2-0:QUEUE_NAME_TYPE_CLASS_SELECTOR_QUEUE7\",",
									"        \t\t\t\t\t\t\t\t\"ethernet-container-2-0:QUEUE_NAME_TYPE_QUEUENAME_NOT_YET_DEFINED\"",
									"        \t\t\t\t\t\t\t]",
									"        \t\t\t}, \t\t\t\t\t\t\t\t\t",
									"\t\t\t\t\t\"max-queue-depth\": \t\t\t\t\t\t\t\t{ \"type\": \"number\" },",
									"\t\t\t\t\t\"queue-depth-configuration-is-avail\": \t\t\t{ \"type\": \"boolean\" },",
									"\t\t\t\t\t\"available-dropping-behavior-kind-list\":{  ",
									"    \t\t\t\t\t\"type\": \"array\",",
									"    \t\t\t\t\t\"items\": { \"enum\": [\t\t\t\t\t",
									"\t\t\t\t\t\t\t\t\t\"ethernet-container-2-0:DROPPING_BEHAVIOR_KIND_TYPE_DROP_TAIL\",",
									"\t\t\t\t\t\t\t\t\t\"ethernet-container-2-0:DROPPING_BEHAVIOR_KIND_TYPE_RED\",",
									"\t\t\t\t\t\t\t\t\t\"ethernet-container-2-0:DROPPING_BEHAVIOR_KIND_TYPE_WRED\",",
									"\t\t\t\t\t\t\t\t\t\"ethernet-container-2-0:DROPPING_BEHAVIOR_KIND_TYPE_NOT_YET_DEFINED\"\t\t\t",
									"\t\t\t\t\t\t\t       ]",
									"        \t\t\t    }",
									"        \t\t\t},\t\t\t\t\t",
									"\t\t\t\t\t\"available-drop-precedence-kind-list\": {  ",
									"    \t\t\t\t\t\"type\": \"array\",",
									"    \t\t\t\t\t\"items\": { \"enum\": [\t\t\t\t\t",
									"\t\t\t\t\t\t\t\t\t\"ethernet-container-2-0:DROP_PRECEDENCE_TYPE_ALL\",",
									"\t\t\t\t\t\t\t\t\t\"ethernet-container-2-0:DROP_PRECEDENCE_TYPE_LOW\",",
									"\t\t\t\t\t\t\t\t\t\"ethernet-container-2-0:DROP_PRECEDENCE_TYPE_MEDIUM\",",
									"\t\t\t\t\t\t\t\t\t\"ethernet-container-2-0:DROP_PRECEDENCE_TYPE_HIGH\",",
									"\t\t\t\t\t\t\t\t\t\"ethernet-container-2-0:DROP_PRECEDENCE_TYPE_NOT_YET_DEFINED\"\t",
									"\t\t\t\t\t\t\t\t\t]",
									"        \t\t\t    }\t\t\t\t\t\t\t\t\t",
									"            \t\t},",
									"\t\t\t\t\t\"wred-profile-per-drop-precedence-is-available\":{ \"type\": \"boolean\" },",
									"\t\t\t\t\t\"available-scheduling-kind-list\": {  ",
									"    \t\t\t\t\t\"type\": \"array\",",
									"    \t\t\t\t\t\"items\": { \"enum\": [\t\t\t\t\t",
									"\t\t\t\t\t\t\t\t\t\"ethernet-container-2-0:SCHEDULER_KIND_TYPE_STRICT\",",
									"\t\t\t\t\t\t\t\t\t\"ethernet-container-2-0:SCHEDULER_KIND_TYPE_WFQ\",",
									"\t\t\t\t\t\t\t\t\t\"ethernet-container-2-0:SCHEDULER_KIND_TYPE_WRR\",",
									"\t\t\t\t\t\t\t\t\t\"ethernet-container-2-0:SCHEDULER_KIND_TYPE_DWRR\",",
									"\t\t\t\t\t\t\t\t\t\"ethernet-container-2-0:SCHEDULER_KIND_TYPE_NOT_YET_DEFINED\"",
									"                                   ]",
									"                        }",
									"\t\t\t\t\t}",
									"\t\t\t\t},\t\t\t\t\t",
									"\t\t\t\t\"required\": [\"queue-name\",",
									"\t\t\t\t\t\t\t\t\"max-queue-depth\",",
									"\t\t\t\t\t\t\t\t\"queue-depth-configuration-is-avail\",",
									"\t\t\t\t\t\t\t\t\"available-dropping-behavior-kind-list\",",
									"\t\t\t\t\t\t\t\t\"available-drop-precedence-kind-list\",",
									"\t\t\t\t\t\t\t\t\"wred-profile-per-drop-precedence-is-available\",",
									"\t\t\t\t\t\t\t\t\"available-scheduling-kind-list\"",
									"\t\t\t\t]",
									"\t\t\t}",
									"\t\t},",
									"\t\t\"explicit-congestion-notification-is-avail\": \t\t\t\t{ \"type\": \"boolean\" }, ",
									"\t\t\"ingress-policing-is-avail\": \t\t\t\t\t\t\t\t{ \"type\": \"boolean\" }, ",
									"\t\t\"supported-header-compression-kind-list\": {    ",
									"\t\t\t\"type\": \"array\",",
									"            \"items\": {\t\t",
									"\t\t\t\t\"type\": \"object\",",
									"\t\t\t    \"properties\": {",
									"\t\t\t\t\t\"header-compression-name\": { \"type\": \"string\" },",
									"\t\t\t\t\t\"header-compression-mode\": { \"enum\": [",
									"\t\t\t\t\t\t\t\t\t\t\t\t\t\"ethernet-container-2-0:HEADER_COMPRESSION_MODE_TYPE_AUTO\",",
									"\t\t\t\t\t\t\t\t\t\t\t\t\t\"ethernet-container-2-0:HEADER_COMPRESSION_MODE_TYPE_PROTOCOL_BASED\",",
									"\t\t\t\t\t\t\t\t\t\t\t\t\t\"ethernet-container-2-0:HEADER_COMPRESSION_MODE_TYPE_LENGTH_BASED\",",
									"\t\t\t\t\t\t\t\t\t\t\t\t\t\"ethernet-container-2-0:HEADER_COMPRESSION_MODE_TYPE_NOT_YET_DEFINED\"",
									"\t\t\t\t\t\t\t\t\t\t\t\t ]",
									"\t\t\t\t\t},",
									"\t\t\t\t\t\"compressed-protocol-layer-list\": {",
									"\t\t\t\t\t\t\"type\": \"array\",",
									"\t\t\t\t\t\t\"items\": { \"enum\": [\"ethernet-container-2-0:PROTOCOL_LAYER_TYPE_NONE\",",
									"\t\t\t\t\t\t\t\t\t\t\"ethernet-container-2-0:PROTOCOL_LAYER_TYPE_ETHERNET_MAC\",",
									"\t\t\t\t\t\t\t\t\t\t\"ethernet-container-2-0:PROTOCOL_LAYER_TYPE_VLAN\",",
									"\t\t\t\t\t\t\t\t\t\t\"ethernet-container-2-0:PROTOCOL_LAYER_TYPE_Q_IN_Q\",",
									"\t\t\t\t\t\t\t\t\t\t\"ethernet-container-2-0:PROTOCOL_LAYER_TYPE_MPLS\",",
									"\t\t\t\t\t\t\t\t\t\t\"ethernet-container-2-0:PROTOCOL_LAYER_TYPE_IPV4\",",
									"\t\t\t\t\t\t\t\t\t\t\"ethernet-container-2-0:PROTOCOL_LAYER_TYPE_IPV6\",",
									"\t\t\t\t\t\t\t\t\t\t\"ethernet-container-2-0:PROTOCOL_LAYER_TYPE_TCP\",\t\t\t\t\t\t\t\t\t\t",
									"\t\t\t\t\t\t\t\t\t\t\"ethernet-container-2-0:PROTOCOL_LAYER_TYPE_UDP\",",
									"\t\t\t\t\t\t\t\t\t\t\"ethernet-container-2-0:PROTOCOL_LAYER_TYPE_RTP\",",
									"\t\t\t\t\t\t\t\t\t\t\"ethernet-container-2-0:PROTOCOL_LAYER_TYPE_GTP_U\",",
									"\t\t\t\t\t\t\t\t\t\t\"ethernet-container-2-0:PROTOCOL_LAYER_TYPE_OTHERS\",",
									"\t\t\t\t\t\t\t\t\t\t\"ethernet-container-2-0:PROTOCOL_LAYER_TYPE_NOT_YET_DEFINED\"",
									"\t\t\t\t\t\t\t\t\t]",
									"\t\t\t\t\t\t}\t\t\t\t\t\t\t\t\t\t\t",
									"\t\t\t\t\t},\t\t\t\t\t\t\t",
									"\t\t\t\t\t\"mpls-payload-kind\": { \t\t\t\t\t\t",
									"\t\t\t\t\t    \"type\": \"array\",",
									"\t\t\t\t\t\t\"items\": { \"enum\": [",
									"\t\t\t\t\t\t\t\t\t\t\t\"ethernet-container-2-0:MPLS_PAYLOAD_KIND_TYPE_NONE\",",
									"\t\t\t\t\t\t\t\t\t\t\t\"ethernet-container-2-0:MPLS_PAYLOAD_KIND_TYPE_AUTO\",",
									"\t\t\t\t\t\t\t\t\t\t\t\"ethernet-container-2-0:MPLS_PAYLOAD_KIND_TYPE_ETH_O_MPLS\",",
									"\t\t\t\t\t\t\t\t\t\t\t\"ethernet-container-2-0:MPLS_PAYLOAD_KIND_TYPE_IP_O_MPLS\",",
									"\t\t\t\t\t\t\t\t\t\t\t\"ethernet-container-2-0:MPLS_PAYLOAD_KIND_TYPE_NOT_YET_DEFINED\"",
									"\t\t\t\t\t\t\t\t\t\t   ]",
									"\t\t\t\t\t\t}",
									"\t\t\t\t\t},",
									"\t\t\t\t\t\"compressed-header-length\": { \"type\": \"integer\" }",
									"\t\t\t\t},",
									"\t\t\t\t\"required\": [\"header-compression-name\",",
									"\t\t\t\t\t\t\t\t\"header-compression-mode\",",
									"\t\t\t\t\t\t\t\t\"compressed-protocol-layer-list\",",
									"\t\t\t\t\t\t\t\t\"mpls-payload-kind\",",
									"\t\t\t\t\t\t\t\t\"compressed-header-length\"",
									"\t\t\t\t]",
									"\t\t\t}",
									"\t\t},",
									"\t\t\"egress-shaping-is-avail\": \t\t\t\t\t\t\t\t\t{ \"type\": \"boolean\" }, ",
									"\t\t\"information-rate-min\": \t\t\t\t\t\t\t\t\t{ \"type\": \"number\" },",
									"\t\t\"information-rate-max\": \t\t\t\t\t\t\t\t\t{ \"type\": \"number\" }, ",
									"\t\t\"burst-size-min\": \t\t\t\t\t\t\t\t\t\t\t{ \"type\": \"number\" },",
									"\t\t\"burst-size-max\": \t\t\t\t\t\t\t\t\t\t\t{ \"type\": \"number\" },",
									"\t\t\"bundling-is-avail\": \t\t\t\t\t\t\t\t\t\t{ \"type\": \"boolean\" }, ",
									"\t\t\"bundling-group-size-max\": \t\t\t\t\t\t\t\t\t{ \"type\": \"number\" },",
									"\t\t\"support-of-management-frames-without-preamble-is-avail\": \t{ \"type\": \"boolean\" },",
									"\t\t\"fec-is-avail\": \t\t\t\t\t\t\t\t\t\t\t{ \"type\": \"boolean\" }, ",
									"\t\t\"fec-word-size-max\": \t\t\t\t\t\t\t\t\t\t{ \"type\": \"number\" },",
									"\t\t\"supported-fec-redundancy-size-list\": {",
									"\t\t\t\"type\": \"array\",",
									"\t\t\t\"items\": \t\t\t\t\t\t\t\t\t\t\t\t{ \"type\": \"string\" }",
									"\t\t},",
									"\t\t\"supported-fec-interleaver-kind-list\": {",
									"\t\t\t\"type\": \"array\",",
									"\t\t\t\"items\": \t\t\t\t\t\t\t\t\t\t\t\t{ \"type\": \"string\"\t}",
									"\t\t},",
									"\t\t\"supported-fec-interleaver-depth-list\": {\t",
									"\t\t\t\"type\": \"array\",",
									"\t\t\t\"items\": \t\t\t\t\t\t\t\t\t\t\t\t{ \"type\": \"string\" }",
									"\t\t},",
									"\t\t\"encryption-is-avail\": \t\t\t\t\t\t\t\t\t\t{ \"type\": \"boolean\" },",
									"\t\t\"admin-shut-down-is-avail\": \t\t\t\t\t\t\t\t{ \"type\": \"boolean\" },",
									"\t\t\"supported-loop-back-kind-list\": {  ",
									"\t\t\t\"type\": \"array\",",
									"\t\t\t\"items\": { \"enum\": [\t\t\t\t\t",
									"\t\t\t\t\t\t\"ethernet-container-2-0:LOOP_BACK_TYPE_NONE\",",
									"\t\t\t\t\t\t\"ethernet-container-2-0:LOOP_BACK_TYPE_BACK_TO_LOCAL\",",
									"\t\t\t\t\t\t\"ethernet-container-2-0:LOOP_BACK_TYPE_BACK_TO_REMOTE\",",
									"\t\t\t\t\t\t\"ethernet-container-2-0:LOOP_BACK_TYPE_NOT_YET_DEFINED\"",
									"\t\t\t\t\t   ]",
									"\t\t\t}\t",
									"\t\t},",
									"\t\t\"maintenance-timer-range\": \t\t\t\t\t\t\t\t\t{ \"type\": \"string\" },",
									"\t\t\"statistics-is-avail\": \t\t\t\t\t\t\t\t\t\t{ \"type\": \"boolean\" },",
									"\t\t\"supported-alarm-list\": {",
									"\t\t\t\"type\": \"array\",",
									"\t\t\t\"items\": \t\t\t\t\t\t\t\t\t\t\t\t{ \"type\": \"string\" }",
									"\t\t},",
									"\t\t\"performance-monitoring-is-avail\": \t\t\t\t\t\t\t{ \"type\": \"boolean\" } \t\t",
									"\t},",
									"\t\"required\": [\"available-queue-list\",",
									"\t\t\t\t\t\"explicit-congestion-notification-is-avail\",",
									"\t\t\t\t\t\"ingress-policing-is-avail\",",
									"\t\t\t\t\t\"supported-header-compression-kind-list\",",
									"\t\t\t\t\t\"egress-shaping-is-avail\", \t\t\t\t\t\t\t\t\t",
									"\t\t\t\t\t\"information-rate-min\",\t\t\t\t\t\t\t\t\t",
									"\t\t\t\t\t\"information-rate-max\",\t\t\t\t\t\t\t\t\t",
									"\t\t\t\t\t\"burst-size-min\", \t\t\t\t\t\t\t\t\t\t\t",
									"\t\t\t\t\t\"burst-size-max\", \t\t\t\t\t\t\t\t\t\t",
									"\t\t\t\t\t\"bundling-is-avail\", \t\t\t\t\t\t\t\t\t\t ",
									"\t\t\t\t\t\"bundling-group-size-max\", \t\t\t\t\t\t\t\t\t",
									"\t\t\t\t\t\"support-of-management-frames-without-preamble-is-avail\", \t",
									"\t\t\t\t\t\"fec-is-avail\", \t\t\t\t\t\t\t\t\t\t\t",
									"\t\t\t\t\t\"fec-word-size-max\",\t\t\t\t\t\t\t\t\t\t",
									"\t\t\t\t\t\"supported-fec-redundancy-size-list\",",
									"\t\t\t\t\t\"supported-fec-interleaver-kind-list\",",
									"\t\t\t\t\t\"supported-fec-interleaver-depth-list\",",
									"\t\t\t\t\t\"encryption-is-avail\",",
									"\t\t\t\t\t\"admin-shut-down-is-avail\",",
									"\t\t\t\t\t\"supported-loop-back-kind-list\",",
									"\t\t\t\t\t\"maintenance-timer-range\",",
									"\t\t\t\t\t\"statistics-is-avail\",",
									"\t\t\t\t\t\"supported-alarm-list\",",
									"\t\t\t\t\t\"performance-monitoring-is-avail\"",
									"\t]",
									"};",
									"pm.variables.set(\"schema\", ETHERNET_CONTAINER_CAPABILITY_SCHEMA);",
									"",
									"",
									"// Definition of Setting up the Request Variables as a function",
									"const SETTING_THE_REQUEST_VARIABLES = () => {",
									"    /********************************************",
									"    * Setting the Request Variables",
									"    ********************************************/",
									"    // Preparing the Request",
									"    let noOfDeviceUnderTest = pm.collectionVariables.get(\"noOfDeviceUnderTest\");",
									"    let controllerUnderTest = pm.environment.get(\"controllerAddress\");",
									"    let dbAndMountPointUnderTest = pm.environment.get(\"pathToDbAndMountPoint\");",
									"    let idOfDeviceUnderTest = pm.environment.get(\"controller\").nodeList[noOfDeviceUnderTest].nodeId;",
									"    let networkElementUnderTest = \"/node/\" + idOfDeviceUnderTest + \"/yang-ext:mount\";",
									"    let technologyUnderTest = pm.collectionVariables.get(\"technologyUnderTest\");",
									"    let noOfLtpUnderTest = pm.collectionVariables.get(\"noOfLtpUnderTest\");",
									"    let nodeIds = pm.environment.get(\"controller\").nodeList[noOfDeviceUnderTest];",
									"    let idPair;",
									"    switch (technologyUnderTest) {",
									"        case \"air-interface\":",
									"            idPair = nodeIds.airInterfaceList[noOfLtpUnderTest];",
									"            break;",
									"        case \"ethernet-container\":",
									"            idPair = nodeIds.ethernetContainerList[noOfLtpUnderTest];",
									"            break;",
									"        case \"hybrid-mw-structure\":",
									"            idPair = nodeIds.hybridMwStructureList[noOfLtpUnderTest];",
									"            break;",
									"        case \"ip-interface\":",
									"            idPair = nodeIds.ipInterfaceList[noOfLtpUnderTest];",
									"            break;",
									"        case \"mac-interface\":",
									"            idPair = nodeIds.macInterfaceList[noOfLtpUnderTest];",
									"            break;",
									"        case \"pure-ethernet-structure\":",
									"            idPair = nodeIds.pureEthernetStructureList[noOfLtpUnderTest];",
									"            break;",
									"        case \"tdm-container\":",
									"            idPair = nodeIds.tdmContainerList[noOfLtpUnderTest];",
									"            break;",
									"        case \"vlan-interface\":",
									"            idPair = nodeIds.vlanInterfaceList[noOfLtpUnderTest];",
									"            break;",
									"        case \"wire-interface\":",
									"            idPair = nodeIds.wireInterfaceList[noOfLtpUnderTest];",
									"            break;",
									"    }",
									"    let ltpUuidOfObjectUnderTest = idPair.ltpUuid;",
									"    let lpLidOfObjectUnderTest = idPair.lpLid;let pacUnderTest = pm.collectionVariables.get(\"pacUnderTest\");",
									"    let moduleUnderTest = pm.collectionVariables.get(\"moduleUnderTest\");",
									"    let classUnderTest = pm.variables.get(\"classUnderTest\");",
									"    let objectUnderTest = \"/core-model-1-4:control-construct/logical-termination-point/\" ",
									"                                + ltpUuidOfObjectUnderTest",
									"                                + \"/layer-protocol/\" ",
									"                                + lpLidOfObjectUnderTest",
									"                                + \"/\"",
									"                                + pacUnderTest",
									"                                + \"/\"",
									"                                + technologyUnderTest",
									"                                + \"-\"",
									"                                + classUnderTest;",
									"    ",
									"    ",
									"    // Formulating the Request",
									"    pm.variables.set(\"controllerUnderTest\", controllerUnderTest);",
									"    pm.variables.set(\"dB\", dbAndMountPointUnderTest);",
									"    pm.variables.set(\"networkElement\", networkElementUnderTest);",
									"    pm.variables.set(\"object\", objectUnderTest);",
									"    ",
									"    pm.variables.set(\"username\", pm.environment.get(\"username\"));",
									"    pm.variables.set(\"password\", pm.environment.get(\"password\"));",
									"    ",
									"    pm.request.headers.upsert({key:\"Accept\", value:\"application/json\"});",
									"    pm.request.headers.upsert({key:\"Content-Type\", value:\"application/json\"});",
									"};",
									"",
									"",
									"/********************************************",
									"* Setting up Collection Variables",
									"********************************************/",
									"// Setting the Tests Script as a Collection va",
									"pm.collectionVariables.set( \"settingTheRequestVariables\", SETTING_THE_REQUEST_VARIABLES.toString() );",
									"",
									"",
									"/********************************************",
									"* Formulating the Request",
									"********************************************/",
									"// Execution of the Pre-Request Script defined in CapabilityCompleteness",
									"eval(pm.collectionVariables.get(\"settingTheRequestVariables\"))();"
								],
								"type": "text/javascript"
							}
						},
						{
							"listen": "test",
							"script": {
								"id": "ec562c48-5724-43dd-9827-6b93725cf290",
								"exec": [
									"/********************************************",
									"* Setting up Local Variables",
									"********************************************/",
									"// Definition of the Tests Script as a function",
									"const TESTS_SCRIPT_FOR_ALL_CLASSES = () => {",
									"    /*********************",
									"    * Indicating Results *",
									"    *********************/",
									"    let controller = pm.environment.get(\"controller\");",
									"    let noOfDeviceUnderTest = pm.collectionVariables.get(\"noOfDeviceUnderTest\");",
									"    let nameOfTheDeviceUnderTest = controller.nodeList[noOfDeviceUnderTest].nodeId;",
									"    let moduleUnderTest = pm.collectionVariables.get(\"moduleUnderTest\");",
									"    let technologyUnderTest = pm.collectionVariables.get(\"technologyUnderTest\");",
									"    let classUnderTest = pm.variables.get(\"classUnderTest\");",
									"    let objectUnderTest = technologyUnderTest + \"-\" + classUnderTest;",
									"    ",
									"    if (pm.response.code == 200) {",
									"        var objectInclHeadline = pm.response.json();",
									"        var object = objectInclHeadline[moduleUnderTest + \":\" + technologyUnderTest + \"-\" + classUnderTest];",
									"        console.log(objectUnderTest + \" at \" + nameOfTheDeviceUnderTest + \" could be retrieved:\");",
									"        console.log(object);                                        ",
									"    ",
									"        var reference = pm.variables.get(\"schema\");",
									"        console.log(objectUnderTest + \" Reference:\");               ",
									"        console.log(reference);                                     ",
									"        ",
									"        console.log(objectUnderTest + \" at \" + nameOfTheDeviceUnderTest + \" Validation Result: \");",
									"        console.log(tv4.validateMultiple(object, reference, true, true));",
									"    } else {",
									"        console.log(\" ERROR: \" + objectUnderTest + \" at \" + nameOfTheDeviceUnderTest ",
									"                        + \" could not be retrieved. Response Code: \" + pm.response.code);",
									"    }",
									"    ",
									"    pm.test(objectUnderTest + \" at \" + nameOfTheDeviceUnderTest + \" could be retrieved\", function () {",
									"        pm.response.to.have.status(200);",
									"    });",
									"    pm.test(objectUnderTest + \" at \" + nameOfTheDeviceUnderTest + \" is compliant to specification\", function() {",
									"      pm.expect(tv4.validate(object, reference)).to.be.true;",
									"    });",
									"    ",
									"    /******************************",
									"    * Cleaning Up and Terminating *",
									"    ******************************/",
									"    pm.variables.clear();",
									"};",
									"",
									"",
									"/********************************************",
									"* Setting up Collection Variables",
									"********************************************/",
									"// Setting the Tests Script as a Collection va",
									"pm.collectionVariables.set( \"testsScriptForAllClasses\", TESTS_SCRIPT_FOR_ALL_CLASSES.toString() );",
									"",
									"",
									"/********************************************",
									"* Testing",
									"********************************************/",
									"// Execution of the Tests Script defined in CapabilityCompleteness",
									"eval(pm.collectionVariables.get(\"testsScriptForAllClasses\"))();"
								],
								"type": "text/javascript"
							}
						}
					],
					"request": {
						"auth": {
							"type": "basic",
							"basic": [
								{
									"key": "password",
									"value": "{{password}}",
									"type": "string"
								},
								{
									"key": "username",
									"value": "{{username}}",
									"type": "string"
								}
							]
						},
						"method": "GET",
						"header": [],
						"url": {
							"raw": "http://{{controllerAddress}}{{dB}}{{networkElement}}{{object}}",
							"protocol": "http",
							"host": [
								"{{controllerAddress}}{{dB}}{{networkElement}}{{object}}"
							]
						}
					},
					"response": []
				},
				{
					"name": "ConfigurationCompleteness",
					"event": [
						{
							"listen": "prerequest",
							"script": {
								"id": "6a1e746e-a742-4b4d-ba2f-962986fd39c4",
								"exec": [
									"/*******************************************************************************",
									"* ",
									"* Request for validating EthernetContainer Configuration Objects against definition ",
									"* ",
									"*                   EthernetContainer_2.0.0-tsp.191123.1240",
									"* ",
									"* as it can be found on https://github.com/openBackhaul/ethernetContainer/tree/tsp",
									"* ",
									"* It checks for ",
									"*  - reachability of *_Pac class and Capability class",
									"*  - availability of all attributes",
									"*  - correct datatypes",
									"*  - correct enumeration values",
									"*  - no additional, vendor specific amendments",
									"* ",
									"* It requires the following environmental variables",
									"*  - controller",
									"*  - controllerAddress",
									"*  - pathToDbAndMountPoint",
									"*  - username",
									"*  - password",
									"* ",
									"* It requires the following collection variables",
									"*  - pacUnderTest",
									"*  - moduleUnderTest",
									"*  - technologyUnderTest",
									"* ",
									"*******************************************************************************/",
									"",
									"console.log(\"----------------Checking EthernetContainerConfiguration for Completeness------------------\");",
									"",
									"/********************************************",
									"* Setting up Local Variables",
									"********************************************/",
									"// Defining the Class Under Test",
									"const CLASS_UNDER_TEST = \"configuration\";",
									"pm.variables.set(\"classUnderTest\", CLASS_UNDER_TEST);",
									"",
									"// EthernetContainerConfiguration Reference Schema",
									"let ETHERNET_CONTAINER_CONFIGURATION_SCHEMA = {\t",
									"\t\"type\": \"object\", ",
									"\t\"properties\": {",
									"        \"interface-name\": \t\t\t\t\t\t\t{ \"type\": \"string\" }, ",
									"        \"interface-is-on\": \t\t\t\t\t\t\t{ \"type\": \"boolean\" }, ",
									"\t\t\"queue-behavior-list\": {",
									"\t\t\t\"type\": \"array\",",
									"\t\t\t\"items\": {",
									"\t\t\t    \"type\": \"object\",",
									"\t\t\t    \"properties\": {",
									"                    \"queue-name\": { \"enum\": [",
									"                                        \"ethernet-container-2-0:QUEUE_NAME_TYPE_BEST_EFFORT_QUEUE\",",
									"        \t\t\t\t\t\t\t\t\"ethernet-container-2-0:QUEUE_NAME_TYPE_ASSURED_FORWARDING_QUEUE1\",",
									"        \t\t\t\t\t\t\t\t\"ethernet-container-2-0:QUEUE_NAME_TYPE_ASSURED_FORWARDING_QUEUE2\",",
									"        \t\t\t\t\t\t\t\t\"ethernet-container-2-0:QUEUE_NAME_TYPE_ASSURED_FORWARDING_QUEUE3\",",
									"        \t\t\t\t\t\t\t\t\"ethernet-container-2-0:QUEUE_NAME_TYPE_ASSURED_FORWARDING_QUEUE4\",",
									"        \t\t\t\t\t\t\t\t\"ethernet-container-2-0:QUEUE_NAME_TYPE_EXPEDITED_FORWARDING_QUEUE\",",
									"        \t\t\t\t\t\t\t\t\"ethernet-container-2-0:QUEUE_NAME_TYPE_CLASS_SELECTOR_QUEUE6\",",
									"        \t\t\t\t\t\t\t\t\"ethernet-container-2-0:QUEUE_NAME_TYPE_CLASS_SELECTOR_QUEUE7\",",
									"        \t\t\t\t\t\t\t\t\"ethernet-container-2-0:QUEUE_NAME_TYPE_QUEUENAME_NOT_YET_DEFINED\"",
									"        \t\t\t\t\t\t\t]",
									"        \t\t\t},",
									"        \t\t\t\"queue-depth\": \t\t\t\t\t\t\t{ \"type\": \"number\" },",
									"                    \"dropping-behavior-kind\": { \"enum\": [",
									"        \t\t\t\t\t\t\t\t\t\t    \"ethernet-container-2-0:DROPPING_BEHAVIOR_KIND_TYPE_DROP_TAIL\",",
									"        \t\t\t\t\t\t\t\t\t\t\t\"ethernet-container-2-0:DROPPING_BEHAVIOR_KIND_TYPE_RED\",",
									"        \t\t\t\t\t\t\t\t\t\t\t\"ethernet-container-2-0:DROPPING_BEHAVIOR_KIND_TYPE_WRED\",",
									"        \t\t\t\t\t\t\t\t\t\t\t\"ethernet-container-2-0:DROPPING_BEHAVIOR_KIND_TYPE_NOT_YET_DEFINED\"\t\t\t",
									"        \t\t\t\t\t\t\t\t\t\t]",
									"        \t\t\t},",
									"        \t\t\t\"wred-behavior-list\": {",
									"            \t\t\t\"type\": \"array\",",
									"            \t\t\t\"items\": {",
									"            \t\t\t    \"type\": \"object\",",
									"            \t\t\t    \"properties\": {",
									"            \t\t\t\t    \"affected-drop-precedence\": { \"enum\": [",
									"                        \t\t\t\t\t\t\t\t\t\t\"ethernet-container-2-0:DROP_PRECEDENCE_TYPE_ALL\",",
									"                        \t\t\t\t\t\t\t\t\t\t\"ethernet-container-2-0:DROP_PRECEDENCE_TYPE_LOW\",",
									"                        \t\t\t\t\t\t\t\t\t\t\"ethernet-container-2-0:DROP_PRECEDENCE_TYPE_MEDIUM\",",
									"                        \t\t\t\t\t\t\t\t\t\t\"ethernet-container-2-0:DROP_PRECEDENCE_TYPE_HIGH\",",
									"                        \t\t\t\t\t\t\t\t\t\t\"ethernet-container-2-0:DROP_PRECEDENCE_TYPE_NOT_YET_DEFINED\"\t",
									"                \t\t\t\t\t\t\t\t\t\t\t  ]",
									"            \t\t\t\t    },",
									"            \t\t\t\t    \"affected-protocol\": { \"enum\": [",
									"        \t\t\t\t\t\t\t\t\t\t\t\t\"ethernet-container-2-0:PROTOCOL_LAYER_TYPE_NONE\",",
									"        \t\t\t\t\t\t\t\t\t\t\t\t\"ethernet-container-2-0:PROTOCOL_LAYER_TYPE_ETHERNET_MAC\",",
									"        \t\t\t\t\t\t\t\t\t\t\t\t\"ethernet-container-2-0:PROTOCOL_LAYER_TYPE_VLAN\",",
									"        \t\t\t\t\t\t\t\t\t\t\t\t\"ethernet-container-2-0:PROTOCOL_LAYER_TYPE_Q_IN_Q\",",
									"        \t\t\t\t\t\t\t\t\t\t\t\t\"ethernet-container-2-0:PROTOCOL_LAYER_TYPE_MPLS\",",
									"        \t\t\t\t\t\t\t\t\t\t\t\t\"ethernet-container-2-0:PROTOCOL_LAYER_TYPE_IPV4\",",
									"        \t\t\t\t\t\t\t\t\t\t\t\t\"ethernet-container-2-0:PROTOCOL_LAYER_TYPE_IPV6\",",
									"        \t\t\t\t\t\t\t\t\t\t\t\t\"ethernet-container-2-0:PROTOCOL_LAYER_TYPE_TCP\",",
									"        \t\t\t\t\t\t\t\t\t\t\t\t\"ethernet-container-2-0:PROTOCOL_LAYER_TYPE_UDP\",",
									"        \t\t\t\t\t\t\t\t\t\t\t\t\"ethernet-container-2-0:PROTOCOL_LAYER_TYPE_RTP\",",
									"        \t\t\t\t\t\t\t\t\t\t\t\t\"ethernet-container-2-0:PROTOCOL_LAYER_TYPE_GTP_U\",",
									"        \t\t\t\t\t\t\t\t\t\t\t\t\"ethernet-container-2-0:PROTOCOL_LAYER_TYPE_OTHERS\",",
									"        \t\t\t\t\t\t\t\t\t\t\t\t\"ethernet-container-2-0:PROTOCOL_LAYER_TYPE_NOT_YET_DEFINED\"",
									"            \t\t\t\t\t\t\t\t\t       ]",
									"            \t\t\t\t    },",
									"            \t\t\t\t    \"wred-profile\":   \t\t\t\t    { \"type\": \"string\" }",
									"            \t\t\t\t},",
									"            \t\t\t    \"required\": [\"affected-drop-precedence\",",
									"            \t\t\t\t    \t\t    \"affected-protocol\",",
									"            \t\t\t\t    \t\t    \"wred-profile\"",
									"            \t\t\t    ]",
									"            \t\t\t}",
									"    \t\t\t    },",
									"    \t\t\t    \"scheduler-kind\": { \"enum\": [",
									"                                            \"ethernet-container-2-0:SCHEDULER_KIND_TYPE_STRICT\",",
									"                                            \"ethernet-container-2-0:SCHEDULER_KIND_TYPE_WFQ\",",
									"                                            \"ethernet-container-2-0:SCHEDULER_KIND_TYPE_WRR\",",
									"                                            \"ethernet-container-2-0:SCHEDULER_KIND_TYPE_DWRR\",",
									"                                            \"ethernet-container-2-0:SCHEDULER_KIND_TYPE_NOT_YET_DEFINED\"",
									"                                        ]",
									"                    },",
									"                    \"weighting\": \t\t\t\t\t\t\t{ \"type\": \"number\" }",
									"    \t\t    },",
									"    \t\t    \"required\": [\"queue-name\",",
									"                                \"queue-depth\",",
									"                                \"dropping-behavior-kind\",",
									"                                \"wred-behavior-list\",",
									"                                \"scheduler-kind\",",
									"                                \"weighting\"",
									"                ]",
									"\t\t\t}",
									"\t\t},",
									"\t\t\"explicit-congestion-notification-is-on\": \t{ \"type\": \"boolean\" }, ",
									"        \"ingress-policing-profile\":                 { \"type\": \"string\" },",
									"        \"egress-shaping-is-on\": \t\t\t\t\t{ \"type\": \"boolean\" },\t\t\t",
									"        \"maximum-information-rate\": \t\t\t\t{ \"type\": \"number\" },  ",
									"\t\t\"maximum-burst-size\": \t\t\t\t\t\t{ \"type\": \"number\" }, \t\t\t",
									"        \"bundling-is-on\": \t\t\t\t\t\t\t{ \"type\": \"boolean\" },",
									"        \"header-compression-kind\":                  { \"type\": \"string\" },",
									"        \"fec-is-on\": \t\t\t\t\t\t\t\t{ \"type\": \"boolean\" }, ",
									"        \"fec-word-size\": \t\t\t\t\t\t\t{ \"type\": \"number\" },\t\t\t\t",
									"        \"fec-redundancy-size\": { \"enum\": [ ",
									"\t\t\t\t\t\t\t\t\t\"ethernet-container-2-0:FEC_REDUNDANCY_SIZE_TYPE_2\",",
									"\t\t\t\t\t\t\t\t\t\"ethernet-container-2-0:FEC_REDUNDANCY_SIZE_TYPE_4\",",
									"\t\t\t\t\t\t\t\t\t\"ethernet-container-2-0:FEC_REDUNDANCY_SIZE_TYPE_8\",",
									"\t\t\t\t\t\t\t\t\t\"ethernet-container-2-0:FEC_REDUNDANCY_SIZE_TYPE_16\",",
									"\t\t\t\t\t\t\t\t\t\"ethernet-container-2-0:FEC_REDUNDANCY_SIZE_TYPE_20\",",
									"\t\t\t\t\t\t\t\t\t\"ethernet-container-2-0:FEC_REDUNDANCY_SIZE_TYPE_NOT_YET_DEFINED\"\t",
									"\t\t\t\t\t\t\t\t ]",
									"\t\t},",
									"        \"fec-interleaver-kind\": { \"enum\": [",
									"\t\t\t\t\t\t\t\t\t\"ethernet-container-2-0:FEC_INTERLEAVER_KIND_TYPE_NONE\",",
									"\t\t\t\t\t\t\t\t\t\"ethernet-container-2-0:FEC_INTERLEAVER_KIND_TYPE_BLOCK\",",
									"\t\t\t\t\t\t\t\t\t\"ethernet-container-2-0:FEC_INTERLEAVER_KIND_TYPE_CONVOLUTION\",",
									"\t\t\t\t\t\t\t\t\t\"ethernet-container-2-0:FEC_INTERLEAVER_KIND_TYPE_NOT_YET_DEFINED\"",
									"\t\t\t\t\t\t\t\t  ]",
									"\t\t}, ",
									"        \"fec-interleaver-depth\": { \"enum\": [",
									"\t\t\t\t\t\t\t\t\t\t\"ethernet-container-2-0:FEC_INTERLEAVER_DEPTH_TYPE_1\",",
									"\t\t\t\t\t\t\t\t\t\t\"ethernet-container-2-0:FEC_INTERLEAVER_DEPTH_TYPE_2\",",
									"\t\t\t\t\t\t\t\t\t\t\"ethernet-container-2-0:FEC_INTERLEAVER_DEPTH_TYPE_3\",",
									"\t\t\t\t\t\t\t\t\t\t\"ethernet-container-2-0:FEC_INTERLEAVER_DEPTH_TYPE_4\",",
									"\t\t\t\t\t\t\t\t\t\t\"ethernet-container-2-0:FEC_INTERLEAVER_DEPTH_TYPE_6\",",
									"\t\t\t\t\t\t\t\t\t\t\"ethernet-container-2-0:FEC_INTERLEAVER_DEPTH_TYPE_8\",",
									"\t\t\t\t\t\t\t\t\t\t\"ethernet-container-2-0:FEC_INTERLEAVER_DEPTH_TYPE_12\",",
									"\t\t\t\t\t\t\t\t\t\t\"ethernet-container-2-0:FEC_INTERLEAVER_DEPTH_TYPE_16\",",
									"\t\t\t\t\t\t\t\t\t\t\"ethernet-container-2-0:FEC_INTERLEAVER_DEPTH_TYPE_24\",",
									"\t\t\t\t\t\t\t\t\t\t\"ethernet-container-2-0:FEC_INTERLEAVER_DEPTH_TYPE_32\",",
									"\t\t\t\t\t\t\t\t\t\t\"ethernet-container-2-0:FEC_INTERLEAVER_DEPTH_TYPE_48\",",
									"\t\t\t\t\t\t\t\t\t\t\"ethernet-container-2-0:FEC_INTERLEAVER_DEPTH_TYPE_96\",",
									"\t\t\t\t\t\t\t\t\t\t\"ethernet-container-2-0:FEC_INTERLEAVER_DEPTH_TYPE_NOT_YET_DEFINED\",",
									"\t\t\t\t\t\t\t\t   ]",
									"\t\t},\t\t\t\t\t\t\t\t\t\t\t",
									"        \"encryption-is-on\": \t\t\t\t\t\t{ \"type\": \"boolean\" }, \t\t\t",
									"        \"cryptographic-key\": \t\t\t\t\t\t{ \"type\": \"string\" }, \t\t\t",
									"        \"loop-back-kind-on\": { \"enum\": [",
									"\t\t\t\t\t\t\t\t\"ethernet-container-2-0:LOOP_BACK_TYPE_NONE\",",
									"\t\t\t\t\t\t\t\t\"ethernet-container-2-0:LOOP_BACK_TYPE_BACK_TO_LOCAL\",",
									"\t\t\t\t\t\t\t\t\"ethernet-container-2-0:LOOP_BACK_TYPE_BACK_TO_REMOTE\",",
									"\t\t\t\t\t\t\t\t\"ethernet-container-2-0:LOOP_BACK_TYPE_NOT_YET_DEFINED\"",
									"\t\t\t\t\t\t\t   ]",
									"\t\t},\t\t\t\t\t\t\t\t\t\t\t\t\t\t",
									"        \"maintenance-timer\": \t\t\t\t\t\t{ \"type\": \"number\" }, ",
									"        \"statistics-is-on\": \t\t\t\t\t\t{ \"type\": \"boolean\" }, \t\t\t",
									" \t\t\"problem-kind-severity-list\": { ",
									"\t\t\t\"type\": \"array\",",
									"\t\t\t\"items\": {",
									"\t\t\t    \"type\": \"object\",",
									"\t\t\t    \"properties\": {",
									"        \t\t\t\"problem-kind-name\": \t\t\t\t\t{ \"type\": \"string\" },",
									"        \t\t\t\"problem-kind-severity\": { \"enum\": [",
									"                                                \"ethernet-container-2-0:SEVERITY_TYPE_NON_ALARMED\",",
									"                                                \"ethernet-container-2-0:SEVERITY_TYPE_WARNING\",",
									"                                                \"ethernet-container-2-0:SEVERITY_TYPE_MINOR\",",
									"                                                \"ethernet-container-2-0:SEVERITY_TYPE_MAJOR\",",
									"                                                \"ethernet-container-2-0:SEVERITY_TYPE_CRITICAL\",",
									"                                                \"ethernet-container-2-0:SEVERITY_TYPE_NOT_YET_DEFINED\"",
									"                                               ]",
									"                    }",
									"\t\t\t    },",
									"\t\t\t    \"required\": [\"problem-kind-name\",",
									"\t\t\t\t\t\t\t    \"problem-kind-severity\"",
									"\t\t\t\t]",
									"\t\t    }",
									"\t\t}, \t\t\t            \t\t\t",
									"        \"performance-monitoring-is-on\": \t\t\t{ \"type\": \"boolean\" }",
									"    },",
									"\t\"required\": [\"interface-name\",",
									"\t\t\t\t\t\"interface-is-on\",",
									"\t\t\t\t\t\"queue-behavior-list\",",
									"\t\t\t\t\t\"explicit-congestion-notification-is-on\",",
									"\t\t\t\t\t\"egress-shaping-is-on\",",
									"\t\t\t\t\t\"maximum-information-rate\",",
									"\t\t\t\t\t\"maximum-burst-size\",",
									"\t\t\t\t\t\"bundling-is-on\",",
									"\t\t\t\t\t\"fec-is-on\",",
									"\t\t\t\t\t\"fec-word-size\",",
									"\t\t\t\t\t\"fec-redundancy-size\",",
									"\t\t\t\t\t\"fec-interleaver-kind\",",
									"\t\t\t\t\t\"fec-interleaver-depth\",",
									"\t\t\t\t\t\"encryption-is-on\",",
									"\t\t\t\t\t\"cryptographic-key\",",
									"\t\t\t\t\t\"loop-back-kind-on\",",
									"\t\t\t\t\t\"maintenance-timer\",",
									"\t\t\t\t\t\"statistics-is-on\",",
									"\t\t\t\t\t\"problem-kind-severity-list\",",
									"\t\t\t\t\t\"performance-monitoring-is-on\"",
									"\t]",
									"};",
									"pm.variables.set(\"schema\", ETHERNET_CONTAINER_CONFIGURATION_SCHEMA);",
									"",
									"",
									"/********************************************",
									"* Formulating the Request",
									"********************************************/",
									"// Execution of the Pre-Request Script defined in CapabilityCompleteness",
									"eval(pm.collectionVariables.get(\"settingTheRequestVariables\"))();"
								],
								"type": "text/javascript"
							}
						},
						{
							"listen": "test",
							"script": {
								"id": "ec562c48-5724-43dd-9827-6b93725cf290",
								"exec": [
									"/********************************************",
									"* Testing",
									"********************************************/",
									"// Execution of the Tests Script defined in CapabilityCompleteness",
									"eval(pm.collectionVariables.get(\"testsScriptForAllClasses\"))();"
								],
								"type": "text/javascript"
							}
						}
					],
					"request": {
						"auth": {
							"type": "basic",
							"basic": [
								{
									"key": "password",
									"value": "{{password}}",
									"type": "string"
								},
								{
									"key": "username",
									"value": "{{username}}",
									"type": "string"
								}
							]
						},
						"method": "GET",
						"header": [],
						"url": {
							"raw": "http://{{controllerAddress}}{{dB}}{{networkElement}}{{object}}",
							"protocol": "http",
							"host": [
								"{{controllerAddress}}{{dB}}{{networkElement}}{{object}}"
							]
						}
					},
					"response": []
				},
				{
					"name": "StatusCompleteness",
					"event": [
						{
							"listen": "prerequest",
							"script": {
								"id": "6a1e746e-a742-4b4d-ba2f-962986fd39c4",
								"exec": [
									"/*******************************************************************************",
									"* ",
									"* Request for validating EthernetContainer Status Objects against definition ",
									"* ",
									"*                   EthernetContainer_2.0.0-tsp.191123.1240",
									"* ",
									"* as it can be found on https://github.com/openBackhaul/ethernetContainer/tree/tsp",
									"* ",
									"* It checks for ",
									"*  - reachability of *_Pac class and Capability class",
									"*  - availability of all attributes",
									"*  - correct datatypes",
									"*  - correct enumeration values",
									"*  - no additional, vendor specific amendments",
									"* ",
									"* It requires the following environmental variables",
									"*  - controller",
									"*  - controllerAddress",
									"*  - pathToDbAndMountPoint",
									"*  - username",
									"*  - password",
									"* ",
									"* It requires the following collection variables",
									"*  - pacUnderTest",
									"*  - moduleUnderTest",
									"*  - technologyUnderTest",
									"* ",
									"*******************************************************************************/",
									"",
									"console.log(\"-------------------Checking EthernetContainerStatus for Completeness----------------------\");",
									"",
									"/********************************************",
									"* Setting up Local Variables",
									"********************************************/",
									"// Defining the Class Under Test",
									"const CLASS_UNDER_TEST = \"status\";",
									"pm.variables.set(\"classUnderTest\", CLASS_UNDER_TEST);",
									"",
									"// EthernetContainerStatus Reference Schema",
									"let ETHERNET_CONTAINER_STATUS_SCHEMA = {",
									"\t\"type\": \"object\",",
									"\t\"properties\": {",
									"\t\t\"interface-status\": { \"enum\": [",
									"\t\t\t\t\t\t\t\t\"ethernet-container-2-0:INTERFACE_STATUS_TYPE_UP\", ",
									"\t\t\t\t\t\t\t\t\"ethernet-container-2-0:INTERFACE_STATUS_TYPE_DOWN\", ",
									"\t\t\t\t\t\t\t\t\"ethernet-container-2-0:INTERFACE_STATUS_TYPE_TESTING\", ",
									"\t\t\t\t\t\t\t\t\"ethernet-container-2-0:INTERFACE_STATUS_TYPE_UNKNOWN\", ",
									"\t\t\t\t\t\t\t\t\"ethernet-container-2-0:INTERFACE_STATUS_TYPE_DORMANT\", ",
									"\t\t\t\t\t\t\t\t\"ethernet-container-2-0:INTERFACE_STATUS_TYPE_NOT_PRESENT\", ",
									"\t\t\t\t\t\t\t\t\"ethernet-container-2-0:INTERFACE_STATUS_TYPE_LOWER_LAYER_DOWN\",",
									"\t\t\t\t\t\t\t\t\"ethernet-container-2-0:INTERFACE_STATUS_TYPE_ADMIN_DOWN\", ",
									"\t\t\t\t\t\t\t\t\"ethernet-container-2-0:INTERFACE_STATUS_TYPE_NOT_YET_DEFINED\"",
									"\t\t\t\t\t\t\t  ]",
									"\t\t},",
									"\t\t\"bundling-is-up\":               { \"type\": \"boolean\" },   ",
									"\t\t\"remote-site-is-faulty\":        { \"type\": \"boolean\" },                   ",
									"\t\t\"loop-back-kind-up\": { \"enum\": [",
									"\t\t\t\t\t\t\t\t\t\"ethernet-container-2-0:LOOP_BACK_TYPE_NONE\",\t\t",
									"\t\t\t\t\t\t\t\t\t\"ethernet-container-2-0:LOOP_BACK_TYPE_BACK_TO_LOCAL\", ",
									"\t\t\t\t\t\t\t\t\t\"ethernet-container-2-0:LOOP_BACK_TYPE_BACK_TO_REMOTE\", ",
									"\t\t\t\t\t\t\t\t\t\"ethernet-container-2-0:LOOP_BACK_TYPE_NOT_YET_DEFINED\"",
									"\t\t\t\t\t\t\t   ]",
									"\t\t},",
									"\t\t\"statistics-is-up\":             { \"type\": \"boolean\" },",
									"\t\t\"performance-monitoring-is-up\": { \"type\": \"boolean\" },",
									"\t\t\"timestamp\":                    { \"type\": \"string\" },",
									"\t\t\"last-10-sec-data-input-rate\":  { \"type\": \"integer\" },",
									"\t\t\"last-10-sec-data-output-rate\": { \"type\": \"integer\" },",
									"\t\t\"total-bytes-input\":            { \"type\": \"integer\" },",
									"\t\t\"total-bytes-output\":           { \"type\": \"integer\" },",
									"\t\t\"forwarded-bytes-input\":        { \"type\": \"integer\" },",
									"\t\t\"forwarded-bytes-output\":       { \"type\": \"integer\" }",
									"\t},",
									"\t\"required\": [\"interface-status\", ",
									"\t\t\t\t    \"bundling-is-up\", ",
									"\t\t\t\t    \"remote-site-is-faulty\", ",
									"\t\t\t\t    \"loop-back-kind-up\", ",
									"\t\t\t\t    \"statistics-is-up\", ",
									"\t\t\t\t    \"performance-monitoring-is-up\", ",
									"\t\t\t\t    \"timestamp\", ",
									"\t\t\t\t    \"last-10-sec-data-input-rate\", ",
									"\t\t\t\t    \"last-10-sec-data-output-rate\", ",
									"\t\t\t\t    \"total-bytes-input\", ",
									"\t\t\t\t    \"total-bytes-output\", ",
									"\t\t\t\t    \"forwarded-bytes-input\", ",
									"\t\t\t\t    \"forwarded-bytes-output\"",
									"\t]",
									"};",
									"pm.variables.set(\"schema\", ETHERNET_CONTAINER_STATUS_SCHEMA);",
									"",
									"",
									"/********************************************",
									"* Formulating the Request",
									"********************************************/",
									"// Execution of the Pre-Request Script defined in CapabilityCompleteness",
									"eval(pm.collectionVariables.get(\"settingTheRequestVariables\"))();"
								],
								"type": "text/javascript"
							}
						},
						{
							"listen": "test",
							"script": {
								"id": "ec562c48-5724-43dd-9827-6b93725cf290",
								"exec": [
									"/********************************************",
									"* Testing",
									"********************************************/",
									"// Execution of the Tests Script defined in CapabilityCompleteness",
									"eval(pm.collectionVariables.get(\"testsScriptForAllClasses\"))();"
								],
								"type": "text/javascript"
							}
						}
					],
					"request": {
						"auth": {
							"type": "basic",
							"basic": [
								{
									"key": "password",
									"value": "{{password}}",
									"type": "string"
								},
								{
									"key": "username",
									"value": "{{username}}",
									"type": "string"
								}
							]
						},
						"method": "GET",
						"header": [],
						"url": {
							"raw": "http://{{controllerAddress}}{{dB}}{{networkElement}}{{object}}",
							"protocol": "http",
							"host": [
								"{{controllerAddress}}{{dB}}{{networkElement}}{{object}}"
							]
						}
					},
					"response": []
				},
				{
					"name": "CurrentProblemsCompleteness",
					"event": [
						{
							"listen": "prerequest",
							"script": {
								"id": "6a1e746e-a742-4b4d-ba2f-962986fd39c4",
								"exec": [
									"/*******************************************************************************",
									"* ",
									"* Request for validating EthernetContainer CurrentProblems Objects against definition ",
									"* ",
									"*                   EthernetContainer_2.0.0-tsp.191123.1240",
									"* ",
									"* as it can be found on https://github.com/openBackhaul/ethernetContainer/tree/tsp",
									"* ",
									"* It checks for ",
									"*  - reachability of *_Pac class and Capability class",
									"*  - availability of all attributes",
									"*  - correct datatypes",
									"*  - correct enumeration values",
									"*  - no additional, vendor specific amendments",
									"* ",
									"* It requires the following environmental variables",
									"*  - controller",
									"*  - controllerAddress",
									"*  - pathToDbAndMountPoint",
									"*  - username",
									"*  - password",
									"* ",
									"* It requires the following collection variables",
									"*  - pacUnderTest",
									"*  - moduleUnderTest",
									"*  - technologyUnderTest",
									"* ",
									"*******************************************************************************/",
									"",
									"console.log(\"---------------Checking EthernetContainerCurrentProblems for Completeness-----------------\");",
									"",
									"/********************************************",
									"* Setting up Local Variables",
									"********************************************/",
									"// Defining the Class Under Test",
									"const CLASS_UNDER_TEST = \"current-problems\";",
									"pm.variables.set(\"classUnderTest\", CLASS_UNDER_TEST);",
									"",
									"// EthernetContainerCurrent Problems Reference Schema",
									"let ETHERNET_CONTAINER_CURRENT_PROBLEMS_SCHEMA = {\t",
									"\t\"type\": \"object\", ",
									"\t\"properties\": {",
									"\t\t\"current-problem-list\": {",
									"\t\t\t\"type\": \"array\",",
									"\t\t\t\"items\": {",
									"\t\t\t    \"type\": \"object\",",
									"\t\t\t    \"properties\": {",
									"\t\t\t\t\t\"problem-name\": \t\t\t{ \"type\": \"string\" },",
									"\t\t\t\t\t\"sequence-number\": \t\t\t{ \"type\": \"number\" },",
									"\t\t\t\t\t\"timestamp\": \t\t\t\t{ \"type\": \"string\" },",
									"\t\t\t\t\t\"problem-severity\": { \"enum\": [",
									"\t\t\t\t\t\t\t\t\t\t\t\"ethernet-container-2-0:SEVERITY_TYPE_NON_ALARMED\",",
									"\t\t\t\t\t\t\t\t\t\t\t\"ethernet-container-2-0:SEVERITY_TYPE_WARNING\",",
									"\t\t\t\t\t\t\t\t\t\t\t\"ethernet-container-2-0:SEVERITY_TYPE_MINOR\",",
									"\t\t\t\t\t\t\t\t\t\t\t\"ethernet-container-2-0:SEVERITY_TYPE_MAJOR\",",
									"\t\t\t\t\t\t\t\t\t\t\t\"ethernet-container-2-0:SEVERITY_TYPE_CRITICAL\",",
									"\t\t\t\t\t\t\t\t\t\t\t\"ethernet-container-2-0:SEVERITY_TYPE_NOT_YET_DEFINED\"",
									"\t\t\t\t\t\t\t\t\t\t  ]",
									"\t\t\t\t\t}",
									"\t\t\t\t},",
									"\t\t\t\t\"required\":\t[ \"problem-name\", ",
									"\t\t\t\t\t\t    \t\"sequence-number\",\t\t\t\t\t\t\t\t\t\t\t  ",
									"\t\t\t\t\t\t\t    \"timestamp\",",
									"\t\t\t\t\t\t\t    \"problem-severity\"\t",
									"\t\t\t\t]\t\t\t\t\t\t",
									"\t\t\t}",
									"\t\t}",
									"\t},",
									"\t\"required\": [ \"current-problem-list\"] ",
									"};",
									"pm.variables.set(\"schema\", ETHERNET_CONTAINER_CURRENT_PROBLEMS_SCHEMA);",
									"",
									"",
									"/********************************************",
									"* Formulating the Request",
									"********************************************/",
									"// Execution of the Pre-Request Script defined in CapabilityCompleteness",
									"eval(pm.collectionVariables.get(\"settingTheRequestVariables\"))();"
								],
								"type": "text/javascript"
							}
						},
						{
							"listen": "test",
							"script": {
								"id": "ec562c48-5724-43dd-9827-6b93725cf290",
								"exec": [
									"/********************************************",
									"* Testing",
									"********************************************/",
									"// Execution of the Tests Script defined in CapabilityCompleteness",
									"eval(pm.collectionVariables.get(\"testsScriptForAllClasses\"))();"
								],
								"type": "text/javascript"
							}
						}
					],
					"request": {
						"auth": {
							"type": "basic",
							"basic": [
								{
									"key": "password",
									"value": "{{password}}",
									"type": "string"
								},
								{
									"key": "username",
									"value": "{{username}}",
									"type": "string"
								}
							]
						},
						"method": "GET",
						"header": [],
						"url": {
							"raw": "http://{{controllerAddress}}{{dB}}{{networkElement}}{{object}}",
							"protocol": "http",
							"host": [
								"{{controllerAddress}}{{dB}}{{networkElement}}{{object}}"
							]
						}
					},
					"response": []
				},
				{
					"name": "CurrentPerformanceCompleteness",
					"event": [
						{
							"listen": "prerequest",
							"script": {
								"id": "6a1e746e-a742-4b4d-ba2f-962986fd39c4",
								"exec": [
									"/*******************************************************************************",
									"* ",
									"* Request for validating EthernetContainer CurrentPerformance Objects against definition ",
									"* ",
									"*                   EthernetContainer_2.0.0-tsp.191123.1240",
									"* ",
									"* It checks for ",
									"*  - reachability of *_Pac class and Capability class",
									"*  - availability of all attributes",
									"*  - correct datatypes",
									"*  - correct enumeration values",
									"*  - no additional, vendor specific amendments",
									"* ",
									"* It requires the following environmental variables",
									"*  - controller",
									"*  - controllerAddress",
									"*  - pathToDbAndMountPoint",
									"*  - username",
									"*  - password",
									"* ",
									"* It requires the following collection variables",
									"*  - pacUnderTest",
									"*  - moduleUnderTest",
									"*  - technologyUnderTest",
									"* ",
									"*******************************************************************************/",
									"",
									"console.log(\"-------------Checking EthernetContainerCurrentPerformance for Completeness----------------\");",
									"",
									"/********************************************",
									"* Setting up Local Variables",
									"********************************************/",
									"// Defining the Class Under Test",
									"const CLASS_UNDER_TEST = \"current-performance\";",
									"pm.variables.set(\"classUnderTest\", CLASS_UNDER_TEST);",
									"",
									"// EthernetContainerCurrentPerformance Reference Schema",
									"let ETHERNET_CONTAINER_CURRENT_PERFORMANCE_SCHEMA = {\t",
									"    \"type\": \"object\",",
									"    \"properties\": {",
									"\t\t\"current-performance-data-list\": {",
									"\t\t\t\"type\": \"array\",",
									"\t\t\t\"items\": {",
									"\t\t\t\t\"type\": \"object\",",
									"\t\t\t\t\"properties\": {",
									"\t\t\t\t\t\"performance-data\": {",
									"\t\t\t\t\t\t\"type\": \"object\", ",
									"\t\t\t\t\t\t\"properties\": {",
									"\t\t\t\t\t\t\t\"tx-ethernet-bytes-max-s\": \t\t{ \"type\": \"number\" },",
									"\t\t\t\t\t\t\t\"tx-ethernet-bytes-max-m\":\t\t{ \"type\": \"number\" },",
									"\t\t\t\t\t\t\t\"tx-ethernet-bytes-sum\":\t\t{ \"type\": \"number\" },",
									"\t\t\t\t\t\t\t\"queue-utilization-list\": {",
									"\t\t\t\t\t\t\t\t\"type\": \"array\",",
									"\t\t\t\t\t\t\t\t\"items\": {",
									"\t\t\t\t\t\t\t\t\t\"type\": \"object\",",
									"\t\t\t\t\t\t\t\t\t\"properties\": {",
									"\t\t\t\t\t\t\t\t\t\t\"queue-name\": \t\t{ \"type\": \"string\" },",
									"\t\t\t\t\t\t\t\t\t\t\"max-queue-length\":\t{ \"type\": \"number\" },",
									"\t\t\t\t\t\t\t\t\t\t\"avg-queue-length\":\t{ \"type\": \"number\" }",
									"\t\t\t\t\t\t\t\t\t},",
									"\t\t\t\t\t\t\t\t\t\"required\": [ \"queue-name\",",
									"\t\t\t\t\t\t\t\t\t\t\t\t    \"max-queue-length\",",
									"\t\t\t\t\t\t\t\t\t\t\t\t    \"avg-queue-length\"",
									"\t\t\t\t\t\t\t\t\t]\t\t\t\t\t\t\t\t\t\t",
									"\t\t\t\t\t\t\t\t}",
									"\t\t\t\t\t\t\t},\t\t\t\t\t\t\t\t\t\t\t\t",
									"\t\t\t\t\t\t\t\"fec-corrected-blocks\":\t\t\t{ \"type\": \"number\" },\t",
									"\t\t\t\t\t\t\t\"fec-uncorrectable-blocks\":\t\t{ \"type\": \"number\" },",
									"\t\t\t\t\t\t\t\"time-period\": \t\t\t\t\t{ \"type\": \"number\" }",
									"\t\t\t\t\t\t},\t\t\t\t",
									"\t\t\t\t\t\t\"required\": [ \"tx-ethernet-bytes-max-s\",",
									"\t\t\t\t\t\t\t\t\t\t\"tx-ethernet-bytes-max-m\",",
									"\t\t\t\t\t\t\t\t\t\t\"tx-ethernet-bytes-sum\",",
									"\t\t\t\t\t\t\t\t\t\t\"queue-utilization-list\",",
									"\t\t\t\t\t\t\t\t\t\t\"fec-corrected-blocks\",",
									"\t\t\t\t\t\t\t\t\t\t\"fec-uncorrectable-blocks\",",
									"\t\t\t\t\t\t\t\t\t\t\"time-period\"",
									"\t\t\t\t\t\t]\t\t\t\t\t",
									"\t\t\t\t\t},",
									"\t\t\t\t\t\"timestamp\": \t\t\t\t\t\t{ \"type\": \"string\" },",
									"\t\t\t\t\t\"suspect-interval-flag\": \t\t\t{ \"type\": \"boolean\" },\t\t\t",
									"\t\t\t\t\t\"elapsed-time\": \t\t\t\t\t{ \"type\": \"integer\" },\t\t",
									"\t\t\t\t\t\"scanner-id\": \t\t\t\t\t\t{ \"type\": \"string\" },",
									"\t\t\t\t\t\"operational-state\": { \"enum\": [",
									"\t\t\t\t\t\t\t\t\t\t\t\"ethernet-container-2-0:OPERATIONAL_STATE_TYPE_ENABLED\",",
									"\t\t\t\t\t\t\t\t\t\t\t\"ethernet-container-2-0:OPERATIONAL_STATE_TYPE_DISABLED\",",
									"\t\t\t\t\t\t\t\t\t\t\t\"ethernet-container-2-0:OPERATIONAL_STATE_TYPE_NOT_YET_DEFINED\"",
									"\t\t\t\t\t\t\t\t\t\t   ]",
									"\t\t\t\t\t},\t ",
									"\t\t\t\t\t\"granularity-period\": { \"enum\": [",
									"\t\t\t\t\t\t\t\t\t\t\t\t\"ethernet-container-2-0:GRANULARITY_PERIOD_TYPE_UNKNOWN\",",
									"\t\t\t\t\t\t\t\t\t\t\t\t\"ethernet-container-2-0:GRANULARITY_PERIOD_TYPE_PERIOD-15-MIN\",",
									"\t\t\t\t\t\t\t\t\t\t\t\t\"ethernet-container-2-0:GRANULARITY_PERIOD_TYPE_PERIOD-24-HOURS\",",
									"\t\t\t\t\t\t\t\t\t\t\t\t\"ethernet-container-2-0:GRANULARITY_PERIOD_TYPE_NOT_YET_DEFINED\"",
									"\t\t\t\t\t\t\t\t\t\t\t]",
									"\t\t\t\t\t},\t ",
									"\t\t\t\t\t\"administrative-state\":\t{ \"enum\": [",
									"\t\t\t\t\t\t\t\t\t\t\t\t\"ethernet-container-2-0:ADMINISTRATIVE_STATE_TYPE_UNLOCKED\",",
									"\t\t\t\t\t\t\t\t\t\t\t\t\"ethernet-container-2-0:ADMINISTRATIVE_STATE_TYPE_LOCKED\",",
									"\t\t\t\t\t\t\t\t\t\t\t\t\"ethernet-container-2-0:ADMINISTRATIVE_STATE_TYPE_SHUTTING_DOWN\",",
									"\t\t\t\t\t\t\t\t\t\t\t\t\"ethernet-container-2-0:ADMINISTRATIVE_STATE_TYPE_NOT_YET_DEFINED\"\t\t\t\t\t\t\t",
									"\t\t\t\t\t\t\t\t\t\t\t  ]",
									"\t\t\t\t\t},\t ",
									"\t\t\t\t\t\"object-class\": \t\t\t\t\t{ \"type\": \"string\" },",
									"\t\t\t\t\t\"name-binding\": \t\t\t\t\t{ \"type\": \"string\" },",
									"\t\t\t\t\t\"packages\": \t\t\t\t\t\t{ \"type\": \"string\" },",
									"\t\t\t\t\t\"allomorphs\": \t\t\t\t\t\t{ \"type\": \"string\" }",
									"\t\t\t\t},",
									"\t\t\t\t\"required\":\t[ \"performance-data\",",
									"    \t\t\t\t\t\t\t\"timestamp\",",
									"    \t\t\t\t\t\t\t\"suspect-interval-flag\",",
									"    \t\t\t\t\t\t\t\"elapsed-time\",",
									"    \t\t\t\t\t\t\t\"scanner-id\",",
									"    \t\t\t\t\t\t\t\"operational-state\",",
									"    \t\t\t\t\t\t\t\"granularity-period\",",
									"    \t\t\t\t\t\t\t\"administrative-state\",",
									"    \t\t\t\t\t\t\t\"object-class\",",
									"    \t\t\t\t\t\t\t\"name-binding\",",
									"    \t\t\t\t\t\t\t\"packages\",",
									"    \t\t\t\t\t\t\t\"allomorphs\"",
									"\t\t\t\t]",
									"\t\t\t}",
									"\t\t}\t\t\t",
									"\t},",
									"\t\"required\":\t[ \"current-performance-data-list\" ]",
									"};",
									"pm.variables.set(\"schema\", ETHERNET_CONTAINER_CURRENT_PERFORMANCE_SCHEMA);",
									"",
									"",
									"/********************************************",
									"* Formulating the Request",
									"********************************************/",
									"// Execution of the Pre-Request Script defined in CapabilityCompleteness",
									"eval(pm.collectionVariables.get(\"settingTheRequestVariables\"))();"
								],
								"type": "text/javascript"
							}
						},
						{
							"listen": "test",
							"script": {
								"id": "ec562c48-5724-43dd-9827-6b93725cf290",
								"exec": [
									"/********************************************",
									"* Testing",
									"********************************************/",
									"// Execution of the Tests Script defined in CapabilityCompleteness",
									"eval(pm.collectionVariables.get(\"testsScriptForAllClasses\"))();"
								],
								"type": "text/javascript"
							}
						}
					],
					"request": {
						"auth": {
							"type": "basic",
							"basic": [
								{
									"key": "password",
									"value": "{{password}}",
									"type": "string"
								},
								{
									"key": "username",
									"value": "{{username}}",
									"type": "string"
								}
							]
						},
						"method": "GET",
						"header": [],
						"url": {
							"raw": "http://{{controllerAddress}}{{dB}}{{networkElement}}{{object}}",
							"protocol": "http",
							"host": [
								"{{controllerAddress}}{{dB}}{{networkElement}}{{object}}"
							]
						}
					},
					"response": []
				},
				{
					"name": "HistoricalPerformancesCompleteness",
					"event": [
						{
							"listen": "prerequest",
							"script": {
								"id": "6a1e746e-a742-4b4d-ba2f-962986fd39c4",
								"exec": [
									"/*******************************************************************************",
									"* ",
									"* Request for validating EthernetContainer HistoricalPerformances Objects against definition ",
									"* ",
									"*                   EthernetContainer_2.0.0-tsp.191123.1240",
									"* ",
									"* as it can be found on https://github.com/openBackhaul/ethernetContainer/tree/tsp",
									"* ",
									"* It checks for ",
									"*  - reachability of *_Pac class and Capability class",
									"*  - availability of all attributes",
									"*  - correct datatypes",
									"*  - correct enumeration values",
									"*  - no additional, vendor specific amendments",
									"* ",
									"* It requires the following environmental variables",
									"*  - controller",
									"*  - controllerAddress",
									"*  - pathToDbAndMountPoint",
									"*  - username",
									"*  - password",
									"* ",
									"* It requires the following collection variables",
									"*  - pacUnderTest",
									"*  - moduleUnderTest",
									"*  - technologyUnderTest",
									"* ",
									"*******************************************************************************/",
									"",
									"console.log(\"------------Checking EthernetContainerHistoricalPerformances for Completeness-------------\");",
									"",
									"/********************************************",
									"* Setting up Local Variables",
									"********************************************/",
									"// Defining the Class Under Test",
									"const CLASS_UNDER_TEST = \"historical-performances\";",
									"pm.variables.set(\"classUnderTest\", CLASS_UNDER_TEST);",
									"",
									"// EthernetContainerHistoricalPerformances Reference Schema",
									"let ETHERNET_CONTAINER_HISTORICAL_PERFORMANCES_SCHEMA = {\t",
									"    \"type\": \"object\",",
									"    \"properties\": {",
									"\t\t\"historical-performance-data-list\": {",
									"\t\t\t\"type\": \"array\",",
									"\t\t\t\"items\": {",
									"\t\t\t\t\"type\": \"object\",",
									"\t\t\t\t\"properties\": {",
									"\t\t\t\t\t\"performance-data\": {",
									"\t\t\t\t\t\t\"type\": \"object\", ",
									"\t\t\t\t\t\t\"properties\": {",
									"\t\t\t\t\t\t\t\"tx-ethernet-bytes-max-s\": \t\t{ \"type\": \"number\" },",
									"\t\t\t\t\t\t\t\"tx-ethernet-bytes-max-m\":\t\t{ \"type\": \"number\" },",
									"\t\t\t\t\t\t\t\"tx-ethernet-bytes-sum\":\t\t{ \"type\": \"number\" },",
									"\t\t\t\t\t\t\t\"queue-utilization-list\": {",
									"\t\t\t\t\t\t\t\t\"type\": \"array\",",
									"\t\t\t\t\t\t\t\t\"items\": {",
									"\t\t\t\t\t\t\t\t\t\"type\": \"object\",",
									"\t\t\t\t\t\t\t\t\t\"properties\": {",
									"\t\t\t\t\t\t\t\t\t\t\"queue-name\": \t\t{ \"type\": \"string\" },",
									"\t\t\t\t\t\t\t\t\t\t\"max-queue-length\":\t{ \"type\": \"number\" },",
									"\t\t\t\t\t\t\t\t\t\t\"avg-queue-length\":\t{ \"type\": \"number\" }",
									"\t\t\t\t\t\t\t\t\t},",
									"\t\t\t\t\t\t\t\t\t\"required\": [ \"queue-name\",",
									"\t\t\t\t\t\t\t\t\t\t\t\t    \"max-queue-length\",",
									"\t\t\t\t\t\t\t\t\t\t\t\t    \"avg-queue-length\"",
									"\t\t\t\t\t\t\t\t\t]\t\t\t\t\t\t\t\t\t\t",
									"\t\t\t\t\t\t\t\t}",
									"\t\t\t\t\t\t\t},\t\t\t\t\t\t\t\t\t\t\t\t",
									"\t\t\t\t\t\t\t\"fec-corrected-blocks\":\t\t\t{ \"type\": \"number\" },\t",
									"\t\t\t\t\t\t\t\"fec-uncorrectable-blocks\":\t\t{ \"type\": \"number\" },",
									"\t\t\t\t\t\t\t\"time-period\": \t\t\t\t\t{ \"type\": \"number\" }",
									"\t\t\t\t\t\t},\t\t\t\t",
									"\t\t\t\t\t\t\"required\": [ \"tx-ethernet-bytes-max-s\",",
									"\t\t\t\t\t\t\t\t\t\t\"tx-ethernet-bytes-max-m\",",
									"\t\t\t\t\t\t\t\t\t\t\"tx-ethernet-bytes-sum\",",
									"\t\t\t\t\t\t\t\t\t\t\"queue-utilization-list\",",
									"\t\t\t\t\t\t\t\t\t\t\"fec-corrected-blocks\",",
									"\t\t\t\t\t\t\t\t\t\t\"fec-uncorrectable-blocks\",",
									"\t\t\t\t\t\t\t\t\t\t\"time-period\"",
									"\t\t\t\t\t\t]\t\t\t\t\t",
									"\t\t\t\t\t},",
									"\t\t\t\t\t\"suspect-interval-flag\": \t\t\t{ \"type\": \"boolean\" },",
									"\t\t\t\t\t\"history-data-id\": \t\t\t\t\t{ \"type\": \"string\" },",
									"\t\t\t\t\t\"period-end-time\": \t\t\t\t\t{ \"type\": \"string\" },",
									"\t\t\t\t\t\"granularity-period\": { \"enum\": [",
									"\t\t\t\t\t\t\t\t\t\t\t\t\"ethernet-container-2-0:GRANULARITY_PERIOD_TYPE_UNKNOWN\",",
									"\t\t\t\t\t\t\t\t\t\t\t\t\"ethernet-container-2-0:GRANULARITY_PERIOD_TYPE_PERIOD-15-MIN\",",
									"\t\t\t\t\t\t\t\t\t\t\t\t\"ethernet-container-2-0:GRANULARITY_PERIOD_TYPE_PERIOD-24-HOURS\",",
									"\t\t\t\t\t\t\t\t\t\t\t\t\"ethernet-container-2-0:GRANULARITY_PERIOD_TYPE_NOT_YET_DEFINED\"",
									"\t\t\t\t\t\t\t\t\t\t\t]\t\t\t\t",
									"\t\t\t\t\t},\t \t ",
									"\t\t\t\t\t\"object-class\": \t\t\t\t\t{ \"type\": \"string\" },",
									"\t\t\t\t\t\"name-binding\": \t\t\t\t\t{ \"type\": \"string\" },",
									"\t\t\t\t\t\"packages\": \t\t\t\t\t\t{ \"type\": \"string\" },",
									"\t\t\t\t\t\"allomorphs\": \t\t\t\t\t\t{ \"type\": \"string\" }",
									"\t\t\t\t},",
									"\t\t\t\t\"required\":\t[ \"performance-data\",",
									"    \t\t\t\t\t\t\t\"suspect-interval-flag\",",
									"    \t\t\t\t\t\t\t\"history-data-id\",",
									"    \t\t\t\t\t\t\t\"period-end-time\",",
									"    \t\t\t\t\t\t\t\"granularity-period\",",
									"\t\t\t\t]",
									"\t\t\t}",
									"\t\t}\t\t",
									"\t},",
									"\t\"required\":\t[ \"historical-performance-data-list\" ]",
									"};",
									"pm.variables.set(\"schema\", ETHERNET_CONTAINER_HISTORICAL_PERFORMANCES_SCHEMA);",
									"",
									"",
									"/********************************************",
									"* Formulating the Request",
									"********************************************/",
									"// Execution of the Pre-Request Script defined in CapabilityCompleteness",
									"eval(pm.collectionVariables.get(\"settingTheRequestVariables\"))();"
								],
								"type": "text/javascript"
							}
						},
						{
							"listen": "test",
							"script": {
								"id": "ec562c48-5724-43dd-9827-6b93725cf290",
								"exec": [
									"/********************************************",
									"* Testing",
									"********************************************/",
									"// Execution of the Tests Script defined in CapabilityCompleteness",
									"eval(pm.collectionVariables.get(\"testsScriptForAllClasses\"))();"
								],
								"type": "text/javascript"
							}
						}
					],
					"request": {
						"auth": {
							"type": "basic",
							"basic": [
								{
									"key": "password",
									"value": "{{password}}",
									"type": "string"
								},
								{
									"key": "username",
									"value": "{{username}}",
									"type": "string"
								}
							]
						},
						"method": "GET",
						"header": [],
						"url": {
							"raw": "http://{{controllerAddress}}{{dB}}{{networkElement}}{{object}}",
							"protocol": "http",
							"host": [
								"{{controllerAddress}}{{dB}}{{networkElement}}{{object}}"
							]
						}
					},
					"response": []
				}
			],
			"event": [
				{
					"listen": "prerequest",
					"script": {
						"id": "6df5b19e-9ca9-43cb-b421-d73bdf845f4d",
						"type": "text/javascript",
						"exec": [
							""
						]
					}
				},
				{
					"listen": "test",
					"script": {
						"id": "6f88d695-6791-4eea-aa0c-9e4a1653f9a9",
						"type": "text/javascript",
						"exec": [
							""
						]
					}
				}
			],
			"protocolProfileBehavior": {}
		}
	],
	"event": [
		{
			"listen": "prerequest",
			"script": {
				"id": "bc84095b-9576-4659-a028-439eecd5af4f",
				"type": "text/javascript",
				"exec": [
					""
				]
			}
		},
		{
			"listen": "test",
			"script": {
				"id": "b23566e2-f64c-406d-9100-d01129e3bf6f",
				"type": "text/javascript",
				"exec": [
					""
				]
			}
		}
	],
	"protocolProfileBehavior": {}
}